<?xml version="1.0" encoding="UTF-8"?>
<jcr:root xmlns:sling="http://sling.apache.org/jcr/sling/1.0" xmlns:cq="http://www.day.com/jcr/cq/1.0" xmlns:jcr="http://www.jcp.org/jcr/1.0" xmlns:nt="http://www.jcp.org/jcr/nt/1.0"
    jcr:primaryType="cq:Page">
    <jcr:content
        cq:lastModified="{Date}2021-09-22T10:10:46.403+05:30"
        cq:lastModifiedBy="admin"
        cq:template="/conf/We learning/settings/wcm/templates/we-learn-template"
        jcr:primaryType="cq:PageContent"
        jcr:title="Introduction"
        sling:resourceType="stronglytyped/components/structure/page"
        pageVariation="homepage">
        <par
            jcr:primaryType="nt:unstructured"
            sling:resourceType="wcm/foundation/components/parsys">
            <section
                jcr:created="{Date}2021-08-30T22:29:17.042+05:30"
                jcr:createdBy="admin"
                jcr:lastModified="{Date}2021-08-30T22:29:43.665+05:30"
                jcr:lastModifiedBy="admin"
                jcr:primaryType="nt:unstructured"
                sling:resourceType="we-learn/components/content/section"
                sectionVariation="header">
                <par
                    jcr:primaryType="nt:unstructured"
                    sling:resourceType="wcm/foundation/components/parsys">
                    <logo
                        jcr:created="{Date}2021-09-01T09:10:00.697+05:30"
                        jcr:createdBy="admin"
                        jcr:lastModified="{Date}2021-09-01T09:21:06.357+05:30"
                        jcr:lastModifiedBy="admin"
                        jcr:primaryType="nt:unstructured"
                        sling:resourceType="we-learn/components/content/logo"
                        description="&lt;p>A RESPONSIVE HTML5 SITE TEMPLATE. MANUFACTURED BY HTML5 UP.&lt;/p>&#xd;&#xa;"
                        textIsRich="true"
                        title="STRONGLY TYPED"
                        type="h1"/>
                </par>
            </section>
            <section_995914403
                jcr:created="{Date}2021-09-01T20:09:52.664+05:30"
                jcr:createdBy="admin"
                jcr:lastModified="{Date}2021-09-01T20:10:20.206+05:30"
                jcr:lastModifiedBy="admin"
                jcr:primaryType="nt:unstructured"
                sling:resourceType="we-learn/components/content/section"
                sectionVariation="features">
                <par
                    jcr:primaryType="nt:unstructured"
                    sling:resourceType="wcm/foundation/components/parsys">
                    <header
                        jcr:created="{Date}2021-09-01T20:19:16.793+05:30"
                        jcr:createdBy="admin"
                        jcr:lastModified="{Date}2021-09-01T20:20:39.586+05:30"
                        jcr:lastModifiedBy="admin"
                        jcr:primaryType="nt:unstructured"
                        sling:resourceType="we-learn/components/content/header"
                        description="&lt;p>GENTLEMEN, BEHOLD! THIS IS&amp;nbsp;&lt;b>STRONGLY TYPED&lt;/b>!&lt;/p>&#xd;&#xa;"
                        textIsRich="true"/>
                </par>
            </section_995914403>
            <section_629069024
                jcr:created="{Date}2021-09-22T10:02:22.733+05:30"
                jcr:createdBy="admin"
                jcr:lastModified="{Date}2021-09-22T10:02:32.332+05:30"
                jcr:lastModifiedBy="admin"
                jcr:primaryType="nt:unstructured"
                sling:resourceType="welearn/components/content/section"
                sectionVariation="header">
                <par
                    jcr:primaryType="nt:unstructured"
                    sling:resourceType="wcm/foundation/components/parsys">
                    <logo
                        jcr:created="{Date}2021-09-22T10:10:37.677+05:30"
                        jcr:createdBy="admin"
                        jcr:lastModified="{Date}2021-09-22T10:10:46.391+05:30"
                        jcr:lastModifiedBy="admin"
                        jcr:primaryType="nt:unstructured"
                        sling:resourceType="welearn/components/content/logo"
                        description="&lt;p>A RESPONSIVE HTML5 SITE TEMPLATE. MANUFACTURED BY HTML5 UP&lt;/p>&#xd;&#xa;"
                        textIsRich="true"
                        title="STRONGLY TYPED"
                        type="h1"/>
                </par>
            </section_629069024>
        </par>
    </jcr:content>
    <aboutus/>
    <products/>
</jcr:root>
