<?xml version="1.0" encoding="UTF-8"?>
<jcr:root xmlns:sling="http://sling.apache.org/jcr/sling/1.0" xmlns:cq="http://www.day.com/jcr/cq/1.0" xmlns:jcr="http://www.jcp.org/jcr/1.0" xmlns:nt="http://www.jcp.org/jcr/nt/1.0"
    jcr:primaryType="cq:Page">
    <stronglytyped jcr:primaryType="nt:unstructured">
        <components jcr:primaryType="nt:unstructured">
            <structure jcr:primaryType="nt:unstructured">
                <page jcr:primaryType="nt:unstructured"/>
            </structure>
            <content jcr:primaryType="nt:unstructured">
                <logo jcr:primaryType="nt:unstructured">
                    <policy_1630296607942
                        jcr:lastModified="{Date}2021-08-30T09:40:19.015+05:30"
                        jcr:lastModifiedBy="admin"
                        jcr:primaryType="nt:unstructured"
                        sling:resourceType="wcm/core/components/policy/policy"
                        allowedTypes="[h1,h2,h3]"
                        linkDisabled="false"
                        type="h1">
                        <jcr:content jcr:primaryType="nt:unstructured"/>
                    </policy_1630296607942>
                </logo>
            </content>
        </components>
    </stronglytyped>
    <wcm jcr:primaryType="nt:unstructured">
        <foundation jcr:primaryType="nt:unstructured">
            <components jcr:primaryType="nt:unstructured">
                <parsys jcr:primaryType="nt:unstructured">
                    <policy_1629826278749
                        jcr:lastModified="{Date}2021-09-22T22:02:43.397+05:30"
                        jcr:lastModifiedBy="admin"
                        jcr:primaryType="nt:unstructured"
                        jcr:title="new policy for column"
                        sling:resourceType="wcm/core/components/policy/policy"
                        components="[/libs/fd/af/components/aemform,/libs/foundation/components/text,/libs/wcm/foundation/components/text,/libs/foundation/components/title,/libs/wcm/foundation/components/title,group:Core Components Examples,group:Core Components Examples - Form,group:Form,/apps/stronglytyped/components/content/logo,/apps/stronglytyped/components/content/section,/apps/welearn/components/content/header,/apps/welearn/components/content/layouts/colctrlcomp,/apps/welearn/components/content/navigation,/apps/welearn/components/content/layouts/twovariantscolumn]">
                        <jcr:content jcr:primaryType="nt:unstructured"/>
                        <section
                            jcr:primaryType="nt:unstructured"
                            div.padding="logo"/>
                    </policy_1629826278749>
                </parsys>
            </components>
        </foundation>
    </wcm>
</jcr:root>
