<?xml version="1.0" encoding="UTF-8"?>
<jcr:root xmlns:sling="http://sling.apache.org/jcr/sling/1.0" xmlns:cq="http://www.day.com/jcr/cq/1.0" xmlns:jcr="http://www.jcp.org/jcr/1.0" xmlns:nt="http://www.jcp.org/jcr/nt/1.0"
    jcr:primaryType="cq:Page">
    <stronglytyped jcr:primaryType="nt:unstructured">
        <components jcr:primaryType="nt:unstructured">
            <structure jcr:primaryType="nt:unstructured">
                <page jcr:primaryType="nt:unstructured">
                    <policy_1630342427580
                        jcr:lastModified="{Date}2021-08-30T22:24:08.525+05:30"
                        jcr:lastModifiedBy="admin"
                        jcr:primaryType="nt:unstructured"
                        jcr:title="new policy"
                        sling:resourceType="wcm/core/components/policy/policy">
                        <jcr:content jcr:primaryType="nt:unstructured"/>
                    </policy_1630342427580>
                </page>
            </structure>
        </components>
    </stronglytyped>
    <wcm jcr:primaryType="nt:unstructured">
        <foundation jcr:primaryType="nt:unstructured">
            <components jcr:primaryType="nt:unstructured">
                <parsys jcr:primaryType="nt:unstructured">
                    <policy_1630342463846
                        jcr:lastModified="{Date}2021-09-21T10:01:01.353+05:30"
                        jcr:lastModifiedBy="admin"
                        jcr:primaryType="nt:unstructured"
                        jcr:title="new"
                        sling:resourceType="wcm/core/components/policy/policy"
                        components="[/libs/foundation/components/list,/libs/wcm/foundation/components/list,/libs/foundation/components/text,/libs/foundation/components/textimage,/libs/wcm/foundation/components/textimage,/libs/fd/af/components/guideheader,/apps/welearn/components/content/Header,/apps/welearn/components/content/logo,/apps/welearn/components/content/layouts/colctrlcomp,/apps/welearn/components/content/section,/apps/welearn/components/content/touchmulti,/apps/welearn/components/content/layouts/twovariantscolumn,/apps/weretail/components/structure/languagenavigation]">
                        <jcr:content jcr:primaryType="nt:unstructured"/>
                        <section jcr:primaryType="nt:unstructured"/>
                    </policy_1630342463846>
                </parsys>
            </components>
        </foundation>
    </wcm>
</jcr:root>
