<?xml version="1.0" encoding="UTF-8"?>
<jcr:root xmlns:sling="http://sling.apache.org/jcr/sling/1.0" xmlns:cq="http://www.day.com/jcr/cq/1.0" xmlns:jcr="http://www.jcp.org/jcr/1.0" xmlns:nt="http://www.jcp.org/jcr/nt/1.0"
    jcr:primaryType="cq:Page">
    <jcr:content
        cq:allowedTemplates="/conf/We learning/settings/wcm/templates/.*"
        cq:lastModified="{Date}2021-08-26T21:26:32.053+05:30"
        cq:lastModifiedBy="admin"
        jcr:primaryType="cq:PageContent"
        jcr:title="We learn"
        sling:resourceType="wcm/foundation/components/page">
        <responsivegrid
            jcr:primaryType="nt:unstructured"
            sling:resourceType="wcm/foundation/components/responsivegrid">
            <section_title_496791378
                jcr:created="{Date}2015-11-04T00:47:33.815+01:00"
                jcr:createdBy="admin"
                jcr:lastModified="{Date}2017-03-01T22:32:07.656+01:00"
                jcr:lastModifiedBy="admin"
                jcr:primaryType="nt:unstructured"
                jcr:title="Discover the Finest Gear"
                sling:resourceType="weretail/components/content/title"
                type="h2"/>
            <carousel
                jcr:created="{Date}2018-08-02T17:22:49.457+03:00"
                jcr:createdBy="admin"
                jcr:lastModified="{Date}2018-08-02T17:22:49.457+03:00"
                jcr:lastModifiedBy="admin"
                jcr:primaryType="nt:unstructured"
                sling:resourceType="weretail/components/content/carousel">
                <teaser
                    jcr:created="{Date}2015-11-03T23:52:30.703+01:00"
                    jcr:createdBy="admin"
                    jcr:description="&lt;p>Explore products for women&lt;/p>&#xd;&#xa;"
                    jcr:lastModified="{Date}2019-02-18T14:11:30.312+01:00"
                    jcr:lastModifiedBy="admin"
                    jcr:primaryType="nt:unstructured"
                    jcr:title="For those who never stop"
                    sling:resourceType="weretail/components/content/teaser"
                    actionsEnabled="true"
                    descriptionFromPage="false"
                    fileReference="/content/dam/we-retail/en/activities/running/running-woods-woman.jpg"
                    textIsRich="true"
                    titleFromPage="false">
                    <actions jcr:primaryType="nt:unstructured">
                        <item0
                            jcr:primaryType="nt:unstructured"
                            link="/content/we-retail/language-masters/en/women"
                            text="Women"/>
                    </actions>
                </teaser>
                <teaser_859708776
                    jcr:created="{Date}2015-11-04T00:10:12.400+01:00"
                    jcr:createdBy="admin"
                    jcr:description="&lt;p>Explore products for men&lt;/p>&#xd;&#xa;"
                    jcr:lastModified="{Date}2019-02-18T14:12:22.077+01:00"
                    jcr:lastModifiedBy="admin"
                    jcr:primaryType="nt:unstructured"
                    jcr:title="For those who challenge the elements"
                    sling:resourceType="weretail/components/content/teaser"
                    actionsEnabled="true"
                    descriptionFromPage="false"
                    fileReference="/content/dam/we-retail/en/activities/biking/rocks-downhill.jpg"
                    textIsRich="true"
                    titleFromPage="false">
                    <actions jcr:primaryType="nt:unstructured">
                        <item0
                            jcr:primaryType="nt:unstructured"
                            link="/content/we-retail/language-masters/en/men"
                            text="Men"/>
                    </actions>
                </teaser_859708776>
                <teaser_465639357
                    jcr:created="{Date}2015-11-04T00:10:50.268+01:00"
                    jcr:createdBy="admin"
                    jcr:description="&lt;p>Explore equipment&lt;/p>&#xd;&#xa;"
                    jcr:lastModified="{Date}2019-02-18T14:14:27.924+01:00"
                    jcr:lastModifiedBy="admin"
                    jcr:primaryType="nt:unstructured"
                    jcr:title="For the ones who want the strongest"
                    sling:resourceType="weretail/components/content/teaser"
                    actionsEnabled="true"
                    descriptionFromPage="false"
                    fileReference="/content/dam/we-retail/en/activities/climbing/climber-gear-rope.jpg"
                    textIsRich="true"
                    titleFromPage="false">
                    <actions jcr:primaryType="nt:unstructured">
                        <item0
                            jcr:primaryType="nt:unstructured"
                            link="/content/we-retail/language-masters/en/equipment"
                            text="Equipment"/>
                    </actions>
                </teaser_465639357>
            </carousel>
            <site_feature
                jcr:created="{Date}2015-11-03T23:52:30.703+01:00"
                jcr:createdBy="admin"
                jcr:description="And free return"
                jcr:lastModified="{Date}2015-11-09T22:10:33.523+01:00"
                jcr:lastModifiedBy="admin"
                jcr:primaryType="nt:unstructured"
                jcr:title="Free delivery"
                sling:resourceType="weretail/components/content/sitefeature"
                fileReference="/content/dam/we-retail/en/features/cart.png">
                <cq:responsive jcr:primaryType="nt:unstructured">
                    <default
                        jcr:primaryType="nt:unstructured"
                        width="4"/>
                    <phone
                        jcr:primaryType="nt:unstructured"
                        width="12"/>
                </cq:responsive>
            </site_feature>
            <site_feature_465639357
                jcr:created="{Date}2015-11-04T00:10:50.268+01:00"
                jcr:createdBy="admin"
                jcr:description="Worldwide shipping"
                jcr:lastModified="{Date}2015-11-09T22:10:52.160+01:00"
                jcr:lastModifiedBy="admin"
                jcr:primaryType="nt:unstructured"
                jcr:title="Order tracking"
                sling:resourceType="weretail/components/content/sitefeature"
                fileReference="/content/dam/we-retail/en/features/tracking.png">
                <cq:responsive jcr:primaryType="nt:unstructured">
                    <default
                        jcr:primaryType="nt:unstructured"
                        width="4"/>
                    <phone
                        jcr:primaryType="nt:unstructured"
                        width="12"/>
                </cq:responsive>
            </site_feature_465639357>
            <site_feature_859708776
                jcr:created="{Date}2015-11-04T00:10:12.400+01:00"
                jcr:createdBy="admin"
                jcr:description="With our outdoor specialist"
                jcr:lastModified="{Date}2015-11-09T22:10:41.662+01:00"
                jcr:lastModifiedBy="admin"
                jcr:primaryType="nt:unstructured"
                jcr:title="Online support"
                sling:resourceType="weretail/components/content/sitefeature"
                fileReference="/content/dam/we-retail/en/features/support.png">
                <cq:responsive jcr:primaryType="nt:unstructured">
                    <default
                        jcr:primaryType="nt:unstructured"
                        width="4"/>
                    <phone
                        jcr:primaryType="nt:unstructured"
                        width="12"/>
                </cq:responsive>
            </site_feature_859708776>
            <section_title
                jcr:created="{Date}2015-11-04T00:47:00.581+01:00"
                jcr:createdBy="admin"
                jcr:lastModified="{Date}2017-03-01T22:32:16.032+01:00"
                jcr:lastModifiedBy="admin"
                jcr:primaryType="nt:unstructured"
                jcr:title="Featured Products"
                sling:resourceType="weretail/components/content/title"
                type="h2"/>
            <products_grid
                jcr:created="{Date}2015-11-03T23:39:56.441+01:00"
                jcr:createdBy="admin"
                jcr:lastModified="{Date}2016-01-25T16:04:44.249+01:00"
                jcr:lastModifiedBy="admin"
                jcr:primaryType="nt:unstructured"
                sling:resourceType="weretail/components/content/productgrid"
                displayAs="products"
                feedEnabled="{Boolean}true"
                limit="6"
                listCSSClass="row"
                listFrom="static"
                orderBy="jcr:title"
                pageMax="0"
                pages="[/content/we-retail/language-masters/en/products/women/coats/sleek-insulated-coat,/content/we-retail/language-masters/en/products/men/coats/el-gordo-down-jacket,/content/we-retail/language-masters/en/products/men/shirts/expedition-tech-long-sleeved-shirt,/content/we-retail/language-masters/en/products/men/pants/trail-model-pants,/content/we-retail/language-masters/en/products/equipment/biking/marin-mountain-bike-shoes,/content/we-retail/language-masters/en/products/women/shirts/rios-t-shirt]"
                tagsMatch="any"/>
            <section_title_431279162
                jcr:created="{Date}2015-11-04T00:51:12.388+01:00"
                jcr:createdBy="admin"
                jcr:lastModified="{Date}2017-03-01T22:32:22.987+01:00"
                jcr:lastModifiedBy="admin"
                jcr:primaryType="nt:unstructured"
                jcr:title="Our Top Stories"
                sling:resourceType="weretail/components/content/title"
                type="h2"/>
            <list
                cq:styleIds="[1508797744638,1508800123708]"
                jcr:created="2018-02-06T17:59:00.584+01:00"
                jcr:createdBy="admin"
                jcr:lastModified="2018-02-06T18:41:21.863+01:00"
                jcr:lastModifiedBy="admin"
                jcr:primaryType="nt:unstructured"
                sling:resourceType="weretail/components/content/list"
                childDepth="1"
                itemType="article"
                linkItems="true"
                listFrom="children"
                orderBy="modified"
                parentPage="/content/we-retail/language-masters/en/experience"
                showDescription="false"
                showModificationDate="true"
                sortOrder="asc"
                tagsMatch="any"/>
            <section_title_239098915
                jcr:created="{Date}2015-11-04T00:51:38.275+01:00"
                jcr:createdBy="admin"
                jcr:lastModified="{Date}2017-03-01T22:32:30.071+01:00"
                jcr:lastModifiedBy="admin"
                jcr:primaryType="nt:unstructured"
                jcr:title="New arrivals"
                sling:resourceType="weretail/components/content/title"
                type="h2"/>
            <products_grid_1773541649
                jcr:created="{Date}2015-11-04T00:51:55.043+01:00"
                jcr:createdBy="admin"
                jcr:lastModified="{Date}2016-01-25T16:10:14.977+01:00"
                jcr:lastModifiedBy="admin"
                jcr:primaryType="nt:unstructured"
                sling:resourceType="weretail/components/content/productgrid"
                displayAs="products"
                feedEnabled="{Boolean}true"
                limit="6"
                listCSSClass="row"
                listFrom="static"
                orderBy="jcr:title"
                pageMax="0"
                pages="[/content/we-retail/language-masters/en/products/women/coats/sleek-insulated-coat,/content/we-retail/language-masters/en/products/men/coats/el-gordo-down-jacket,/content/we-retail/language-masters/en/products/men/shirts/expedition-tech-long-sleeved-shirt,/content/we-retail/language-masters/en/products/men/pants/trail-model-pants,/content/we-retail/language-masters/en/products/equipment/biking/marin-mountain-bike-shoes,/content/we-retail/language-masters/en/products/women/shirts/rios-t-shirt]"
                tagsMatch="any"/>
            <section_title_239098
                jcr:created="{Date}2015-11-04T00:51:38.275+01:00"
                jcr:createdBy="admin"
                jcr:lastModified="{Date}2017-03-01T22:32:38.990+01:00"
                jcr:lastModifiedBy="admin"
                jcr:primaryType="nt:unstructured"
                jcr:title="Join our Community"
                sling:resourceType="weretail/components/content/title"
                type="h2"/>
            <teaser_984780047
                jcr:created="{Date}2016-03-12T23:01:13.861+01:00"
                jcr:createdBy="admin"
                jcr:lastModified="{Date}2016-03-12T23:01:57.017+01:00"
                jcr:lastModifiedBy="admin"
                jcr:primaryType="nt:unstructured"
                sling:resourceType="weretail/components/content/teaser"
                fileReference="/content/dam/we-retail/en/activities/hiking-camping/camp-summer-night.jpg">
                <cq:responsive jcr:primaryType="nt:unstructured">
                    <default
                        jcr:primaryType="nt:unstructured"
                        width="4"/>
                    <phone
                        jcr:primaryType="nt:unstructured"
                        width="12"/>
                </cq:responsive>
            </teaser_984780047>
            <teaser_305030210
                jcr:created="{Date}2016-03-12T23:01:15.249+01:00"
                jcr:createdBy="admin"
                jcr:lastModified="{Date}2016-03-12T23:02:33.924+01:00"
                jcr:lastModifiedBy="admin"
                jcr:primaryType="nt:unstructured"
                sling:resourceType="weretail/components/content/teaser"
                fileReference="/content/dam/we-retail/en/activities/climbing/ice-climbing-group.jpg">
                <cq:responsive jcr:primaryType="nt:unstructured">
                    <default
                        jcr:primaryType="nt:unstructured"
                        width="4"/>
                    <phone
                        jcr:primaryType="nt:unstructured"
                        width="12"/>
                </cq:responsive>
            </teaser_305030210>
            <teaser_1388037983
                jcr:created="{Date}2016-03-12T23:01:16.541+01:00"
                jcr:createdBy="admin"
                jcr:lastModified="{Date}2016-03-12T23:03:13.208+01:00"
                jcr:lastModifiedBy="admin"
                jcr:primaryType="nt:unstructured"
                sling:resourceType="weretail/components/content/teaser"
                fileReference="/content/dam/we-retail/en/activities/biking/group-mountain-bikers.jpg">
                <cq:responsive jcr:primaryType="nt:unstructured">
                    <default
                        jcr:primaryType="nt:unstructured"
                        width="4"/>
                    <phone
                        jcr:primaryType="nt:unstructured"
                        width="12"/>
                </cq:responsive>
            </teaser_1388037983>
            <teaser
                jcr:created="{Date}2021-08-10T20:45:58.204+05:30"
                jcr:createdBy="admin"
                jcr:lastModified="{Date}2021-08-10T20:45:58.204+05:30"
                jcr:lastModifiedBy="admin"
                jcr:primaryType="nt:unstructured"
                sling:resourceType="weretail/components/content/teaser"/>
            <text
                jcr:created="{Date}2021-08-18T11:40:38.157+05:30"
                jcr:createdBy="admin"
                jcr:lastModified="{Date}2021-08-18T11:40:59.639+05:30"
                jcr:lastModifiedBy="admin"
                jcr:primaryType="nt:unstructured"
                sling:resourceType="weretail/components/content/text"
                text="&lt;p>this is added in authour&amp;nbsp;&lt;/p>&#xa;"
                textIsRich="true"/>
        </responsivegrid>
    </jcr:content>
    <introduction/>
    <left-sidebar/>
    <no-sidebar/>
    <Right-sidebar/>
    <Dropdown/>
    <Livecopy1/>
</jcr:root>
